{
  "baseline": {
    "p2401": {
      "pts": -672.8738,
      "trades": 111
    },
    "p2209": {
      "pts": 6939.6212,
      "trades": 116
    },
    "p2601": {
      "pts": 1154.9496,
      "trades": 124
    }
  },
  "short_p2": {
    "p2401": {
      "pts": -559.0652,
      "trades": 127
    },
    "p2209": {
      "pts": -389.4081999999998,
      "trades": 144
    },
    "p2601": {
      "pts": 988.2732,
      "trades": 140
    }
  },
  "short_p2_diff": {
    "p2401": {
      "pts": -559.0652,
      "trades": 127
    },
    "p2209": {
      "pts": 1246.7278000000001,
      "trades": 140
    },
    "p2601": {
      "pts": 968.1587999999999,
      "trades": 138
    }
  },
  "short_p3": {
    "p2401": {
      "pts": -612.2244,
      "trades": 123
    },
    "p2209": {
      "pts": 1161.8454000000002,
      "trades": 126
    },
    "p2601": {
      "pts": 991.4995999999999,
      "trades": 130
    }
  }
}