{
  "P2201": {
    "atr_mean": 29.93389240351135,
    "atr_std": 8.028438202961098,
    "adx_mean": 35.087985519036266,
    "adx_median": 32.176242688083946,
    "adx_pct_above_25": 68.7607277720563,
    "adx_pct_above_40": 33.14452454514247,
    "rsi_mean": 50.602490507708794,
    "rsi_std": 17.236063085865084,
    "bb_width_mean": 1.609664303493007,
    "bb_width_std": 1.0747205947612537,
    "rvol_mean": 0.25153838124224404,
    "rvol_std": 0.0993826015590867,
    "macd5_flip_rate": 1.4663577068314453,
    "macd15_flip_rate": 0.6282183316168898,
    "mom_10_mean": 0.012836220094995713,
    "mom_10_std": 0.8288820693066296,
    "mom_20_mean": 0.024408862962606796,
    "mom_20_std": 1.1471591630155484,
    "ma5_slope_mean": 0.005963774321624212,
    "ma5_slope_std": 0.48011350760140886,
    "pct_above_ma20": 52.43734981119121,
    "pct_above_ma60": 52.38585650532097,
    "price_range_pct": 24.872555013142815
  },
  "P2205": {
    "atr_mean": 36.68197728589056,
    "atr_std": 18.98324659151517,
    "adx_mean": 37.64075688018269,
    "adx_median": 34.798552138554605,
    "adx_pct_above_25": 71.97250132205183,
    "adx_pct_above_40": 40.260884893354486,
    "rsi_mean": 53.26968726427575,
    "rsi_std": 17.95106290917295,
    "bb_width_mean": 1.7751823365139106,
    "bb_width_std": 1.2643710092230853,
    "rvol_mean": 0.27269362150889076,
    "rvol_std": 0.15754723150713162,
    "macd5_flip_rate": 1.6571478935307598,
    "macd15_flip_rate": 0.5358716728362418,
    "mom_10_mean": 0.09180151872409407,
    "mom_10_std": 0.9211979288609823,
    "mom_20_mean": 0.18351290980157556,
    "mom_20_std": 1.3120936106663859,
    "ma5_slope_mean": 0.04512296567389192,
    "ma5_slope_std": 0.5332934687378793,
    "pct_above_ma20": 57.67671426053235,
    "pct_above_ma60": 63.84628944121277,
    "price_range_pct": 50.13209437263658
  },
  "P2401": {
    "atr_mean": 16.444096700263685,
    "atr_std": 3.625455269054662,
    "adx_mean": 36.94260393403887,
    "adx_median": 34.161645325478105,
    "adx_pct_above_25": 72.67552182163189,
    "adx_pct_above_40": 37.985164740382956,
    "rsi_mean": 50.27174780367338,
    "rsi_std": 16.85351039103026,
    "bb_width_mean": 1.0054395522666855,
    "bb_width_std": 0.6166256598821853,
    "rvol_mean": 0.16449018396046286,
    "rvol_std": 0.06262162687550454,
    "macd5_flip_rate": 1.5685699499741246,
    "macd15_flip_rate": 0.5552872175263067,
    "mom_10_mean": -0.007100004758612423,
    "mom_10_std": 0.49628257571613277,
    "mom_20_mean": -0.012838747249099048,
    "mom_20_std": 0.7086540315862916,
    "ma5_slope_mean": -0.003757704598414767,
    "ma5_slope_std": 0.28705353478534895,
    "pct_above_ma20": 51.31964809384164,
    "pct_above_ma60": 49.23236156632741,
    "price_range_pct": 16.47066784279046
  },
  "P2405": {
    "atr_mean": 15.206612162937462,
    "atr_std": 4.124034888391448,
    "adx_mean": 36.149949055023264,
    "adx_median": 33.71099657310062,
    "adx_pct_above_25": 73.0087014725569,
    "adx_pct_above_40": 35.6425702811245,
    "rsi_mean": 51.58099361472428,
    "rsi_std": 16.46001110289229,
    "bb_width_mean": 0.9204113104146447,
    "bb_width_std": 0.49413008404979136,
    "rvol_mean": 0.15085466897417701,
    "rvol_std": 0.0506057982200775,
    "macd5_flip_rate": 1.6154618473895583,
    "macd15_flip_rate": 0.6189759036144579,
    "mom_10_mean": 0.02960440191512344,
    "mom_10_std": 0.4395726539548332,
    "mom_20_mean": 0.06038214725409141,
    "mom_20_std": 0.6081134818743335,
    "ma5_slope_mean": 0.01465121751232955,
    "ma5_slope_std": 0.25794046715060814,
    "pct_above_ma20": 53.44712182061579,
    "pct_above_ma60": 58.216198125836684,
    "price_range_pct": 22.112876166644625
  },
  "P2505": {
    "atr_mean": 17.67780460745285,
    "atr_std": 5.017155714461949,
    "adx_mean": 37.848964844759706,
    "adx_median": 34.87105444543134,
    "adx_pct_above_25": 71.28825947921426,
    "adx_pct_above_40": 39.058931018730014,
    "rsi_mean": 50.77548965138992,
    "rsi_std": 17.00038469934815,
    "bb_width_mean": 0.9306319924478689,
    "bb_width_std": 0.7105265493266947,
    "rvol_mean": 0.15240342374589091,
    "rvol_std": 0.0835261455871837,
    "macd5_flip_rate": 1.6370488807674737,
    "macd15_flip_rate": 0.4979442667884879,
    "mom_10_mean": 0.003620818209071383,
    "mom_10_std": 0.494219110297679,
    "mom_20_mean": 0.006589216596061077,
    "mom_20_std": 0.7040183893672584,
    "ma5_slope_mean": 0.001536790178674128,
    "ma5_slope_std": 0.28490880221539916,
    "pct_above_ma20": 51.827318410232984,
    "pct_above_ma60": 51.301964367291,
    "price_range_pct": 13.543391992883071
  },
  "P2509": {
    "atr_mean": 14.77724340175953,
    "atr_std": 4.162960471678608,
    "adx_mean": 37.785917863792385,
    "adx_median": 35.654695082561844,
    "adx_pct_above_25": 73.99413489736071,
    "adx_pct_above_40": 39.214076246334315,
    "rsi_mean": 50.88187190361302,
    "rsi_std": 17.085842267585736,
    "bb_width_mean": 0.8284351126087592,
    "bb_width_std": 0.6040707935320699,
    "rvol_mean": 0.13682370191330137,
    "rvol_std": 0.07038689739561066,
    "macd5_flip_rate": 1.6457478005865103,
    "macd15_flip_rate": 0.49149560117302055,
    "mom_10_mean": 0.014255138483158975,
    "mom_10_std": 0.43273437578515556,
    "mom_20_mean": 0.028592629525714536,
    "mom_20_std": 0.6156858449574686,
    "ma5_slope_mean": 0.0069636000823642425,
    "ma5_slope_std": 0.24897253666761401,
    "pct_above_ma20": 52.868035190615835,
    "pct_above_ma60": 54.721407624633436,
    "price_range_pct": 21.929480159565514
  },
  "P2601": {
    "atr_mean": 15.211247727490193,
    "atr_std": 3.6718970414717678,
    "adx_mean": 37.6984713116328,
    "adx_median": 34.78850993927263,
    "adx_pct_above_25": 75.05023442732754,
    "adx_pct_above_40": 38.8312123241795,
    "rsi_mean": 50.45276531798976,
    "rsi_std": 17.034831255527074,
    "bb_width_mean": 0.8076218598682333,
    "bb_width_std": 0.522901604745437,
    "rvol_mean": 0.1326218263399558,
    "rvol_std": 0.05834467070257961,
    "macd5_flip_rate": 1.6625920964501004,
    "macd15_flip_rate": 0.5324849296718017,
    "mom_10_mean": 0.00502591048032713,
    "mom_10_std": 0.40529038288709224,
    "mom_20_mean": 0.010741002875319766,
    "mom_20_std": 0.5838382268485105,
    "ma5_slope_mean": 0.002396193892806601,
    "ma5_slope_std": 0.23375120338690944,
    "pct_above_ma20": 51.32283991962492,
    "pct_above_ma60": 51.70797052913597,
    "price_range_pct": 14.184413409357315
  }
}