{
  "baseline_total": 136679.302,
  "cb21_fixed_total": 136679.302,
  "delta": 0.0,
  "by_contract": {
    "baseline": {
      "p2201": {
        "pnl": -1136.0680000000011,
        "trades": 114.0
      },
      "p2205": {
        "pnl": 22089.972,
        "trades": 106.0
      },
      "p2209": {
        "pnl": 75262.26599999999,
        "trades": 108.0
      },
      "p2301": {
        "pnl": 1582.075999999999,
        "trades": 96.0
      },
      "p2305": {
        "pnl": -1206.9279999999999,
        "trades": 90.0
      },
      "p2309": {
        "pnl": -1434.3120000000004,
        "trades": 98.0
      },
      "p2401": {
        "pnl": -6728.737999999999,
        "trades": 111.0
      },
      "p2405": {
        "pnl": 8884.866000000002,
        "trades": 139.0
      },
      "p2409": {
        "pnl": 3348.9040000000005,
        "trades": 218.0
      },
      "p2501": {
        "pnl": 13532.062,
        "trades": 261.0
      },
      "p2505": {
        "pnl": 8952.594000000001,
        "trades": 118.0
      },
      "p2509": {
        "pnl": 2071.432,
        "trades": 96.0
      },
      "p2601": {
        "pnl": 11461.176,
        "trades": 114.0
      }
    },
    "cb21_fixed": {
      "p2201": {
        "pnl": -1136.0680000000011,
        "trades": 114.0
      },
      "p2205": {
        "pnl": 22089.972,
        "trades": 106.0
      },
      "p2209": {
        "pnl": 75262.26599999999,
        "trades": 108.0
      },
      "p2301": {
        "pnl": 1582.075999999999,
        "trades": 96.0
      },
      "p2305": {
        "pnl": -1206.9279999999999,
        "trades": 90.0
      },
      "p2309": {
        "pnl": -1434.3120000000004,
        "trades": 98.0
      },
      "p2401": {
        "pnl": -6728.737999999999,
        "trades": 111.0
      },
      "p2405": {
        "pnl": 8884.866000000002,
        "trades": 139.0
      },
      "p2409": {
        "pnl": 3348.9040000000005,
        "trades": 218.0
      },
      "p2501": {
        "pnl": 13532.062,
        "trades": 261.0
      },
      "p2505": {
        "pnl": 8952.594000000001,
        "trades": 118.0
      },
      "p2509": {
        "pnl": 2071.432,
        "trades": 96.0
      },
      "p2601": {
        "pnl": 11461.176,
        "trades": 114.0
      }
    }
  }
}