{
  "total_short_holds": 79,
  "total_pnl": -1818.0,
  "win_rate": 0.17721518987341772,
  "avg_entry_pct": 0.5975691066454967,
  "loser_avg_entry": 0.5865321332930904,
  "winner_avg_entry": 0.6488121972102404
}